Country,Amount (sq km),Date
"Russia","17 million sq km",2008
"Antarctica","14 million sq km",2008
"China","9.33 million sq km",2008
"United States","9.16 million sq km",2008
"Canada","9.09 million sq km",2008
"Brazil","8.46 million sq km",2008
"Australia","7.62 million sq km",2008
"Group of 7 countries (G7) average","3.25 million sq km",2008
"India","2.97 million sq km",2008
"Argentina","2.74 million sq km",2008
"Kazakhstan","2.67 million sq km",2008
"Algeria","2.38 million sq km",2008
"Sudan","2.38 million sq km",2008
"Non-religious countries average","2.35 million sq km",2008
"Democratic Republic of the Congo","2.27 million sq km",2008
"Emerging markets average","2.23 million sq km",2008
"Saudi Arabia","2.15 million sq km",2008
"Mexico","1.92 million sq km",2008
"Indonesia","1.83 million sq km",2008
"Libya","1.76 million sq km",2008
"Sparsely populated countries average","1.67 million sq km",2008
"Iran","1.64 million sq km",2008
"Former Soviet republics average","1.57 million sq km",2008
"Mongolia","1.55 million sq km",2008
"Cold countries average","1.35 million sq km",2008
"Peru","1.28 million sq km",2008
"Niger","1.27 million sq km",2008
"Chad","1.26 million sq km",2008
"Angola","1.25 million sq km",2008
"Mali","1.22 million sq km",2008
"South Africa","1.22 million sq km",2008
"Eastern Europe average","1.12 million sq km",2008
"Ethiopia","1.12 million sq km",2008
"Bolivia","1.08 million sq km",2008
"OPEC countries average","1.05 million sq km",2008
"Colombia","1.04 million sq km",2008
"Mauritania","1.03 million sq km",2008
"High income OECD countries average","1.03 million sq km",2008
"Religious countries average","1.03 million sq km",2008
"Egypt","995,450 sq km",2008
"South Asia average","916,064 sq km",2008
"Nigeria","910,768 sq km",2008
"Tanzania","886,037 sq km",2008
"Venezuela","882,050 sq km",2008
"East Asia and Pacific average","865,658.54 sq km",2008
"Namibia","825,418 sq km",2008
"Former British colonies average","817,824.08 sq km",2008
"Mozambique","784,090 sq km",2008
"Pakistan","778,720 sq km",2008
"Turkey","770,760 sq km",2008
"failed states average","763,755.2 sq km",2008
"Chile","748,800 sq km",2008
"Zambia","740,724 sq km",2008
"South and Central Asia average","669,680.08 sq km",2008
"Burma","657,740 sq km",2008
"Afghanistan","647,500 sq km",2008
"Christian countries average","639,235.45 sq km",2008
"Muslim countries average","633,207.07 sq km",2008
"Somalia","627,337 sq km",2008
"Central African Republic","622,984 sq km",2008
"Middle Eastern and North Africa average","617,598.61 sq km",2008
"Heavily indebted countries average","617,413.13 sq km",2008
"Ukraine","603,700 sq km",2008
"Botswana","585,370 sq km",2008
"Madagascar","581,540 sq km",2008
"Catholic countries average","579,586.46 sq km",2008
"Hot countries average","578,900.11 sq km",2008
"Former Spanish colonies average","575,741.75 sq km",2008
"Kenya","569,250 sq km",2008
"Latin America and Caribbean average","557,877.08 sq km",2008
"Europe average","533,998.31 sq km",2008
"Yemen","527,970 sq km",2008
"NATO countries average","522,510.16 sq km",2008
"Thailand","511,770 sq km",2008
"Former French colonies average","505,903.32 sq km",2008
"Spain","499,542 sq km",2008
"Sub-Saharan Africa average","499,128.04 sq km",2008
"Turkmenistan","488,100 sq km",2008
"Cameroon","469,440 sq km",2008
"Papua New Guinea","452,860 sq km",2008
"Morocco","446,300 sq km",2008
"Iraq","432,162 sq km",2008
"Uzbekistan","425,400 sq km",2008
"Landlocked countries average","414,717.73 sq km",2008
"Sweden","410,934 sq km",2008
"Paraguay","397,300 sq km",2008
"Zimbabwe","386,670 sq km",2008
"Japan","374,744 sq km",2008
"Germany","349,223 sq km",2008
"Congo, Republic of the","341,500 sq km",2008
"Malaysia","328,550 sq km",2008
"Vietnam","325,360 sq km",2008
"Cote d'Ivoire","318,000 sq km",2008
"Norway","307,442 sq km",2008
"Finland","304,473 sq km",2008
"Poland","304,459 sq km",2008
"Philippines","298,170 sq km",2008
"Italy","294,020 sq km",2008
"Ecuador","276,840 sq km",2008
"Burkina Faso","273,800 sq km",2008
"New Zealand","268,021 sq km",2008
"Western Sahara","266,000 sq km",2008
"Gabon","257,667 sq km",2008
"Guinea","245,857 sq km",2008
"United Kingdom","241,590 sq km",2008
"Ghana","230,940 sq km",2008
"Laos","230,800 sq km",2008
"Romania","230,340 sq km",2008
"Oman","212,460 sq km",2008
"Belarus","207,600 sq km",2008
"Uganda","199,710 sq km",2008
"Guyana","196,850 sq km",2008
"Senegal","192,000 sq km",2008
"Kyrgyzstan","191,300 sq km",2008
"Syria","184,050 sq km",2008
"Cambodia","176,520 sq km",2008
"Uruguay","173,620 sq km",2008
"Suriname","161,470 sq km",2008
"Tunisia","155,360 sq km",2008
"Nepal","143,181 sq km",2008
"Tajikistan","142,700 sq km",2008
"European Union average","139,988.23 sq km",2008
"Bangladesh","133,910 sq km",2008
"Greece","130,800 sq km",2008
"Eurozone average","121,964.53 sq km",2008
"Eritrea","121,320 sq km",2008
"North Korea","120,410 sq km",2008
"Nicaragua","120,254 sq km",2008
"Honduras","111,890 sq km",2008
"Cuba","110,860 sq km",2008
"Benin","110,620 sq km",2008
"Bulgaria","110,550 sq km",2008
"Guatemala","108,430 sq km",2008
"Iceland","100,250 sq km",2008
"South Korea","98,190 sq km",2008
"Liberia","96,320 sq km",2008
"Malawi","94,080 sq km",2008
"Hungary","92,340 sq km",2008
"Jordan","91,971 sq km",2008
"Portugal","91,951 sq km",2008
"Azerbaijan","86,100 sq km",2008
"United Arab Emirates","83,600 sq km",2008
"Austria","82,444 sq km",2008
"Serbia and Montenegro","77,474 sq km",2008
"Czech Republic","77,276 sq km",2008
"Panama","75,990 sq km",2008
"Sierra Leone","71,620 sq km",2008
"Georgia","69,700 sq km",2008
"Ireland","68,890 sq km",2008
"Sri Lanka","64,740 sq km",2008
"Latvia","63,589 sq km",2008
"Svalbard","61,020 sq km",2008
"Croatia","56,414 sq km",2008
"Togo","54,385 sq km",2008
"Bosnia and Herzegovina","51,197 sq km",2008
"Costa Rica","50,660 sq km",2008
"Slovakia","48,800 sq km",2008
"Dominican Republic","48,380 sq km",2008
"Bhutan","47,000 sq km",2008
"Tourist destinations average","46,694.78 sq km",2008
"Estonia","43,211 sq km",2008
"Denmark","42,394 sq km",2008
"Switzerland","39,770 sq km",2008
"Netherlands","33,883 sq km",2008
"Moldova","33,371 sq km",2008
"Taiwan","32,260 sq km",2008
"Lesotho","30,355 sq km",2008
"Belgium","30,278 sq km",2008
"Armenia","28,454 sq km",2008
"Equatorial Guinea","28,051 sq km",2008
"Guinea-Bissau","28,000 sq km",2008
"Haiti","27,560 sq km",2008
"Solomon Islands","27,540 sq km",2008
"Albania","27,398 sq km",2008
"Burundi","25,650 sq km",2008
"Rwanda","24,948 sq km",2008
"Djibouti","22,980 sq km",2008
"Belize","22,806 sq km",2008
"El Salvador","20,720 sq km",2008
"Israel","20,330 sq km",2008
"Slovenia","20,151 sq km",2008
"New Caledonia","18,575 sq km",2008
"Fiji","18,270 sq km",2008
"Kuwait","17,820 sq km",2008
"Swaziland","17,203 sq km",2008
"Vanuatu","12,200 sq km",2008
"Falkland Islands (Islas Malvinas)","12,173 sq km",2008
"Qatar","11,437 sq km",2008
"Jamaica","10,831 sq km",2008
"Lebanon","10,230 sq km",2008
"The Bahamas","10,070 sq km",2008
"The Gambia","10,000 sq km",2008
"Cyprus","9,240 sq km",2008
"Puerto Rico","8,870 sq km",2008
"West Bank","5,640 sq km",2008
"Brunei","5,270 sq km",2008
"Trinidad and Tobago","5,128 sq km",2008
"Cape Verde","4,033 sq km",2008
"South Georgia and the South Sandwich Islands","3,903 sq km",2008
"French Polynesia","3,660 sq km",2008
"Samoa","2,934 sq km",2008
"Luxembourg","2,586 sq km",2008
"Comoros","2,170 sq km",2008
"Mauritius","2,030 sq km",2008
"Faroe Islands","1,399 sq km",2008
"Hong Kong","1,042 sq km",2008
"Sao Tome and Principe","1,001 sq km",2008
"Netherlands Antilles","960 sq km",2008
"Kiribati","811 sq km",2008
"Dominica","754 sq km",2008
"Tonga","718 sq km",2008
"Federated States of Micronesia","702 sq km",2008
"Singapore","682.7 sq km",2008
"Bahrain","665 sq km",2008
"Saint Lucia","606 sq km",2008
"Guam","541.3 sq km",2008
"Northern Mariana Islands","477 sq km",2008
"Andorra","468 sq km",2008
"Palau","458 sq km",2008
"Seychelles","455 sq km",2008
"Antigua and Barbuda","442.6 sq km",2008
"Barbados","431 sq km",2008
"Turks and Caicos Islands","430 sq km",2008
"Heard Island and McDonald Islands","412 sq km",2008
"Saint Vincent and the Grenadines","389 sq km",2008
"Jan Mayen","377 sq km",2008
"Mayotte","374 sq km",2008
"Gaza Strip","360 sq km",2008
"Virgin Islands","346 sq km",2008
"Grenada","344 sq km",2008
"Malta","316 sq km",2008
"Maldives","300 sq km",2008
"Wallis and Futuna","274 sq km",2008
"Cayman Islands","262 sq km",2008
"Saint Kitts and Nevis","261 sq km",2008
"Niue","260 sq km",2008
"Saint Pierre and Miquelon","242 sq km",2008
"Cook Islands","236.7 sq km",2008
"American Samoa","199 sq km",2008
"Aruba","193 sq km",2008
"Marshall Islands","181.3 sq km",2008
"Liechtenstein","160 sq km",2008
"British Virgin Islands","153 sq km",2008
"Christmas Island","135 sq km",2008
"Jersey","116 sq km",2008
"Anguilla","102 sq km",2008
"Montserrat","102 sq km",2008
"Guernsey","78 sq km",2008
"San Marino","61.2 sq km",2008
"Saint Martin","54.4 sq km",2008
"Bermuda","53.3 sq km",2008
"Bouvet Island","49 sq km",2008
"Pitcairn Islands","47 sq km",2008
"Norfolk Island","34.6 sq km",2008
"Macau","28.2 sq km",2008
"Tuvalu","26 sq km",2008
"Nauru","21 sq km",2008
"Cocos (Keeling) Islands","14 sq km",2008
"Tokelau","10 sq km",2008
"Wake Island","6.5 sq km",2008
"Gibraltar","6.5 sq km",2008
"Clipperton Island","6 sq km",2008
"Navassa Island","5.4 sq km",2008
"Ashmore and Cartier Islands","5 sq km",2008
"Monaco","1.95 sq km",2008
"Holy See (Vatican City)","0.44 sq km",2008
